name,phase,policy,gpu,tag,batch,dtype,stacks,hbm_gen,link_gbps,eff_link_gbps,barriers,hit_rate,replay_s,analytic_s,ratio,q_over_bar
A-deepseek-7.5,decode,static,H100,DeepSeek-V2-Lite,1,fp16,5,HBM3,50.7,50.7,32,0.6562,0.02398,0.0241587675,0.992600,0.005298
A-deepseek-b16,decode,static,H100,DeepSeek-V2-Lite,16,fp16,5,HBM3,50.7,50.7,32,0.1942,0.442364,0.445813765,0.992262,0.000287
A-phi-b4,decode,static,H100,Phi-3.5-MoE,4,fp16,5,HBM3,50.7,50.7,32,0.1244,0.53632,0.540435043,0.992386,0.000237
A-phi-fp8,decode,static,H100,Phi-3.5-MoE,1,fp8,5,HBM3,50.7,50.7,32,0.3906,0.062408,0.0629103237,0.992015,0.002035
B-mixtral-b16,decode,static,H100,Mixtral-8x7B,16,fp16,5,HBM3,50.7,50.7,32,0.0909,1.633216,1.64574244,0.992389,0.000078
B-mixtral-b4,decode,static,H100,Mixtral-8x7B,4,fp16,5,HBM3,50.7,50.7,32,0.1356,1.087612,1.09587118,0.992463,0.000117
B-olmoe-b16,decode,static,H100,OLMoE-1B-7B,16,fp16,5,HBM3,50.7,50.7,32,0.0,0.418988,0.422263017,0.992244,0.000303
B-olmoe-b4,decode,static,H100,OLMoE-1B-7B,4,fp16,5,HBM3,50.7,50.7,32,0.2238,0.138828,0.139909337,0.992271,0.000915
B-olmoe-b64,decode,static,H100,OLMoE-1B-7B,64,fp16,5,HBM3,50.7,50.7,32,0.0,0.50754,0.511615448,0.992034,0.000250
B3-mixtral-b4,decode,static,H100,Mixtral-8x7B,4,fp16,5,HBM3,114.5,114.5,32,0.1356,0.50254,0.503440069,0.998212,0.000254
B3-olmoe-b16,decode,static,H100,OLMoE-1B-7B,16,fp16,5,HBM3,114.5,114.5,32,0.0,0.193256,0.193532613,0.998571,0.000661
B3-olmoe-b4,decode,static,H100,OLMoE-1B-7B,4,fp16,5,HBM3,114.5,114.5,32,0.2238,0.064088,0.0641268329,0.999394,0.001996
BB-deepseek,decode,static,B200,DeepSeek-V2-Lite,1,fp16,8,HBM3e,50.7,50.7,32,0.4375,0.037852,0.0375678652,1.007563,0.003407
BB-mixtral,decode,static,B200,Mixtral-8x7B,1,fp16,8,HBM3e,50.7,50.7,32,0.1719,0.37642,0.373126739,1.008826,0.000343
BB-mixtral-b16,decode,static,B200,Mixtral-8x7B,16,fp16,8,HBM3e,50.7,50.7,32,0.0909,1.632664,1.61788805,1.009133,0.000079
BB-mixtral-cxl3,decode,static,B200,Mixtral-8x7B,1,fp16,8,HBM3e,114.5,114.5,32,0.1719,0.173856,0.167905506,1.035440,0.000762
BB-mixtral-fp8,decode,static,B200,Mixtral-8x7B,1,fp8,8,HBM3e,50.7,50.7,32,0.1875,0.184796,0.18309725,1.009278,0.000699
BB-olmoe,decode,static,B200,OLMoE-1B-7B,1,fp16,8,HBM3e,50.7,50.7,32,0.3203,0.044092,0.0437351825,1.008159,0.002927
BB-olmoe-b16,decode,static,B200,OLMoE-1B-7B,16,fp16,8,HBM3e,50.7,50.7,32,0.0,0.418988,0.415357872,1.008740,0.000308
BB-olmoe-cxl3,decode,static,B200,OLMoE-1B-7B,1,fp16,8,HBM3e,114.5,114.5,32,0.3203,0.02044,0.0196728546,1.038995,0.006506
BB-olmoe-pcie4,decode,static,B200,OLMoE-1B-7B,1,fp16,8,HBM3e,24.9,24.9,32,0.3203,0.089644,0.0884800068,1.013155,0.001447
BB-olmoe-x256,decode,static,B200,OLMoE-1B-7B,1,fp16,8,HBM3e,50.7,50.7,256,0.2119,0.409368,0.405375878,1.009848,0.002526
BB-phi,decode,static,B200,Phi-3.5-MoE,1,fp16,8,HBM3e,50.7,50.7,32,0.375,0.127296,0.126123487,1.009297,0.001015
BB-phi-hr,decode,static,B200,Phi-3.5-MoE,1,fp16,8,HBM3e,50.7,50.7,64,1.0,0.003072,0.00298116668,1.030469,0.085872
C-deepseek-2.5,decode,static,H100,DeepSeek-V2-Lite,1,fp16,5,HBM3,50.7,50.7,32,0.224,0.052204,0.0526393763,0.991729,0.002432
C-mixtral-10,decode,static,H100,Mixtral-8x7B,1,fp16,5,HBM3,50.7,50.7,32,0.375,0.286148,0.288609926,0.991470,0.000444
C-mixtral-15,decode,static,H100,Mixtral-8x7B,1,fp16,5,HBM3,50.7,50.7,32,0.5781,0.19542,0.197019993,0.991879,0.000650
C-mixtral-7.5,decode,static,H100,Mixtral-8x7B,1,fp16,5,HBM3,50.7,50.7,32,0.2812,0.328224,0.330830796,0.992120,0.000387
C-olmoe-10,decode,static,H100,OLMoE-1B-7B,1,fp16,5,HBM3,50.7,50.7,32,0.5195,0.031568,0.0318369963,0.991551,0.004020
C-olmoe-15,decode,static,H100,OLMoE-1B-7B,1,fp16,5,HBM3,50.7,50.7,32,0.7188,0.018948,0.0191276518,0.990608,0.006692
C-olmoe-2.5,decode,static,H100,OLMoE-1B-7B,1,fp16,5,HBM3,50.7,50.7,32,0.1719,0.053724,0.0541310036,0.992481,0.002365
C-olmoe-7.5,decode,static,H100,OLMoE-1B-7B,1,fp16,5,HBM3,50.7,50.7,32,0.418,0.0381,0.0383193184,0.994277,0.003340
C-phi-2.5,decode,static,H100,Phi-3.5-MoE,1,fp16,5,HBM3,50.7,50.7,32,0.1875,0.16538,0.166624646,0.992530,0.000768
C3-mixtral-15,decode,static,H100,Mixtral-8x7B,1,fp16,5,HBM3,114.5,114.5,32,0.5781,0.092208,0.0924733267,0.997131,0.001384
C3-mixtral-7.5,decode,static,H100,Mixtral-8x7B,1,fp16,5,HBM3,114.5,114.5,32,0.2812,0.152436,0.152714254,0.998178,0.000838
C3-olmoe-15,decode,static,H100,OLMoE-1B-7B,1,fp16,5,HBM3,114.5,114.5,32,0.7188,0.009208,0.00917082643,1.004053,0.013957
C3-olmoe-2.5,decode,static,H100,OLMoE-1B-7B,1,fp16,5,HBM3,114.5,114.5,32,0.1719,0.024832,0.0248136846,1.000738,0.005158
C3-olmoe-7.5,decode,static,H100,OLMoE-1B-7B,1,fp16,5,HBM3,114.5,114.5,32,0.418,0.01774,0.0177142216,1.001455,0.007226
D-deepseek-fp8,decode,static,H100,DeepSeek-V2-Lite,1,fp8,5,HBM3,50.7,50.7,32,0.4531,0.018628,0.0187632717,0.992791,0.006822
D-mixtral-fp8,decode,static,H100,Mixtral-8x7B,1,fp8,5,HBM3,50.7,50.7,32,0.1875,0.185212,0.186529473,0.992937,0.000686
D-olmoe-fp8,decode,static,H100,OLMoE-1B-7B,1,fp8,5,HBM3,50.7,50.7,32,0.3359,0.021572,0.0217666486,0.991057,0.005881
D3-mixtral-fp8,decode,static,H100,Mixtral-8x7B,1,fp8,5,HBM3,114.5,114.5,32,0.1875,0.08576,0.0858549053,0.998895,0.001491
D3-olmoe-fp8,decode,static,H100,OLMoE-1B-7B,1,fp8,5,HBM3,114.5,114.5,32,0.3359,0.010068,0.010013614,1.005431,0.012783
DY-deepseek-lru_layer,decode,lru_layer,H100,DeepSeek-V2-Lite,1,fp16,5,HBM3,50.7,50.7,64,0.1406,0.114956,0.115856964,0.992223,0.002210
DY-mixtral-lru,decode,lru,H100,Mixtral-8x7B,1,fp16,5,HBM3,50.7,50.7,32,0.0,0.454016,0.457493404,0.992399,0.000280
DY-mixtral-lru_layer,decode,lru_layer,H100,Mixtral-8x7B,1,fp16,5,HBM3,50.7,50.7,32,0.0,0.454016,0.457493404,0.992399,0.000280
DY-mixtral-none,decode,none,H100,Mixtral-8x7B,1,fp16,5,HBM3,50.7,50.7,32,0.0,0.454016,0.457493404,0.992399,0.000280
DY-olmoe-lru,decode,lru,H100,OLMoE-1B-7B,1,fp16,5,HBM3,50.7,50.7,64,0.0,0.129668,0.130727761,0.991893,0.001958
DY-olmoe-lru_layer,decode,lru_layer,H100,OLMoE-1B-7B,1,fp16,5,HBM3,50.7,50.7,64,0.2031,0.103424,0.104177325,0.992769,0.002457
DY-olmoe-lru_layer-cxl3,decode,lru_layer,H100,OLMoE-1B-7B,1,fp16,5,HBM3,114.5,114.5,64,0.2031,0.047788,0.0477553145,1.000684,0.005361
DY-olmoe-none,decode,none,H100,OLMoE-1B-7B,1,fp16,5,HBM3,50.7,50.7,64,0.0,0.129668,0.130727761,0.991893,0.001958
DY-olmoe-oracle,decode,oracle,H100,OLMoE-1B-7B,1,fp16,5,HBM3,50.7,50.7,64,0.2344,0.099272,0.100092642,0.991801,0.002558
DY-phi-lru_layer,decode,lru_layer,H100,Phi-3.5-MoE,1,fp16,5,HBM3,50.7,50.7,32,0.0312,0.196388,0.19786077,0.992557,0.000647
F2-A-deepseek-cxl3,decode,static,H100,DeepSeek-V2-Lite,1,fp16,5,HBM3,114.5,114.5,32,0.4375,0.01804,0.0180386334,1.000076,0.007096
F2-L-mixtral-cxl3,decode,static,H100,Mixtral-8x7B,1,fp16,5,HBM3,114.5,114.5,32,0.1719,0.174448,0.174755861,0.998238,0.000732
F2-L-olmoe-cxl3,decode,static,H100,OLMoE-1B-7B,1,fp16,5,HBM3,114.5,114.5,32,0.3203,0.020476,0.0204451982,1.001507,0.006261
F2-L-phi-cxl3,decode,static,H100,Phi-3.5-MoE,1,fp16,5,HBM3,114.5,114.5,32,0.375,0.059768,0.0598615853,0.998437,0.002138
F3-A-phi-pcie4,decode,static,H100,Phi-3.5-MoE,1,fp16,5,HBM3,24.9,24.9,32,0.375,0.258704,0.257583287,1.004351,0.000497
F3-L-mixtral-pcie4,decode,static,H100,Mixtral-8x7B,1,fp16,5,HBM3,24.9,24.9,32,0.1719,0.764956,0.761593871,1.004415,0.000168
F3-L-olmoe-pcie4,decode,static,H100,OLMoE-1B-7B,1,fp16,5,HBM3,24.9,24.9,32,0.3203,0.089676,0.0892523504,1.004747,0.001434
F48-mixtral-10,decode,static,H100,Mixtral-8x7B,1,fp16,5,HBM3,114.5,101.6,32,0.375,0.151788,0.149416697,1.015870,0.000857
F48-olmoe-5,decode,static,H100,OLMoE-1B-7B,1,fp16,5,HBM3,114.5,101.6,32,0.3203,0.023196,0.0228828637,1.013684,0.005594
FLAG-mixtral-b16-80g,decode,static,H100,Mixtral-8x7B,16,fp16,5,HBM3,50.7,50.7,128,0.9116,0.71934,0.726865876,0.989646,0.000704
G-deepseek,decode,static,H100,DeepSeek-V2-Lite,1,fp16,5,HBM3,50.7,50.7,32,0.4375,0.038276,0.0385745856,0.992260,0.003318
G-mixtral,decode,static,H100,Mixtral-8x7B,1,fp16,5,HBM3,50.7,50.7,32,0.1719,0.376784,0.379977094,0.991597,0.000337
G-olmoe,decode,static,H100,OLMoE-1B-7B,1,fp16,5,HBM3,50.7,50.7,32,0.3203,0.04422,0.0445075261,0.993540,0.002876
G-phi,decode,static,H100,Phi-3.5-MoE,1,fp16,5,HBM3,50.7,50.7,32,0.375,0.128012,0.129006206,0.992293,0.000992
H-mixtral-h200,decode,static,H200,Mixtral-8x7B,1,fp16,6,HBM3e,50.7,50.7,32,0.1719,0.376576,0.375011562,1.004172,0.000341
H-olmoe-h200,decode,static,H200,OLMoE-1B-7B,1,fp16,6,HBM3e,50.7,50.7,32,0.3203,0.044136,0.0439476868,1.004285,0.002913
HR-deepseek-90,decode,static,H100,DeepSeek-V2-Lite,1,fp16,5,HBM3,50.7,50.7,128,1.0,0.006144,0.00602143805,1.020354,0.085030
HR-mixtral-lru-80,decode,lru_layer,H100,Mixtral-8x7B,1,fp16,5,HBM3,50.7,50.7,128,0.5586,0.811036,0.817360892,0.992262,0.000626
HR-mixtral-static-80,decode,static,H100,Mixtral-8x7B,1,fp16,5,HBM3,50.7,50.7,128,1.0,0.027648,0.0285500734,0.968404,0.017933
HR-olmoe-90,decode,static,H100,OLMoE-1B-7B,1,fp16,5,HBM3,50.7,50.7,256,1.0,0.01024,0.0100144932,1.022518,0.102252
HR-phi-75,decode,static,H100,Phi-3.5-MoE,1,fp16,5,HBM3,50.7,50.7,128,1.0,0.014336,0.0144458376,0.992397,0.035443
K-mixtral-ctrl,decode,static,H100,Mixtral-8x7B,1,fp16,5,HBM3,50.7,50.7,16,1.0,0.003456,0.00356873141,0.968411,0.017934
K-olmoe-ctrl,decode,static,H100,OLMoE-1B-7B,1,fp16,5,HBM3,50.7,50.7,32,1.0,0.00128,0.00125129329,1.022942,0.102294
PF-deepseek-10,prefill,static,H100,DeepSeek-V2-Lite,1,fp16,5,HBM3,50.7,50.7,8,0.3281,0.121032,0.121968141,0.992325,0.000262
PF-deepseek-25,prefill,static,H100,DeepSeek-V2-Lite,1,fp16,5,HBM3,50.7,50.7,8,0.8145,0.036696,0.0369872627,0.992125,0.000865
PF-mixtral-10,prefill,static,H100,Mixtral-8x7B,1,fp16,5,HBM3,50.7,50.7,8,0.375,0.286136,0.288389777,0.992185,0.000111
PF-mixtral-25,prefill,static,H100,Mixtral-8x7B,1,fp16,5,HBM3,50.7,50.7,8,0.9844,0.012596,0.0128898723,0.977201,0.002483
PF-mixtral-cxl3,prefill,static,H100,Mixtral-8x7B,1,fp16,5,HBM3,114.5,114.5,8,0.9844,0.008824,0.00901777361,0.978512,0.003549
PF-olmoe-10,prefill,static,H100,OLMoE-1B-7B,1,fp16,5,HBM3,50.7,50.7,8,0.1937,0.104704,0.105617719,0.991349,0.000303
PF-olmoe-25,prefill,static,H100,OLMoE-1B-7B,1,fp16,5,HBM3,50.7,50.7,8,0.4932,0.06684,0.0674277488,0.991283,0.000475
PF-olmoe-cxl3,prefill,static,H100,OLMoE-1B-7B,1,fp16,5,HBM3,114.5,114.5,8,0.4932,0.031572,0.0316108355,0.998771,0.001012
PF-phi-10,prefill,static,H100,Phi-3.5-MoE,1,fp16,5,HBM3,50.7,50.7,8,0.3906,0.249012,0.251116417,0.991620,0.000127
PF-phi-25,prefill,static,H100,Phi-3.5-MoE,1,fp16,5,HBM3,50.7,50.7,8,0.9922,0.008108,0.008335681,0.972686,0.003839
PF2-deepseek-b16,prefill,static,H100,DeepSeek-V2-Lite,16,fp16,5,HBM3,50.7,50.7,8,0.2988,0.14442,0.145292797,0.993993,0.000220
PF2-deepseek-cxl3,prefill,static,H100,DeepSeek-V2-Lite,1,fp16,5,HBM3,114.5,114.5,8,0.8145,0.01892,0.0188871754,1.001738,0.001694
PF2-mixtral-50,prefill,static,H100,Mixtral-8x7B,1,fp16,5,HBM3,50.7,50.7,16,0.9922,0.01894,0.0189660524,0.998626,0.003374
PF2-mixtral-b4,prefill,static,H100,Mixtral-8x7B,4,fp16,5,HBM3,50.7,50.7,8,0.375,0.29262,0.294638423,0.993149,0.000109
PF2-mixtral-fp8,prefill,static,H100,Mixtral-8x7B,1,fp8,5,HBM3,50.7,50.7,8,0.375,0.142968,0.143993248,0.992880,0.000222
PF2-olmoe-b16,prefill,static,H100,OLMoE-1B-7B,16,fp16,5,HBM3,50.7,50.7,8,0.0,0.12962,0.130570758,0.992718,0.000245
PF2-olmoe-b4,prefill,static,H100,OLMoE-1B-7B,4,fp16,5,HBM3,50.7,50.7,8,0.1543,0.111404,0.112164898,0.993216,0.000285
PF2-olmoe-fp8,prefill,static,H100,OLMoE-1B-7B,1,fp8,5,HBM3,50.7,50.7,8,0.2016,0.051856,0.0522429347,0.992594,0.000613
PF2-olmoe-h200,prefill,static,H200,OLMoE-1B-7B,1,fp16,6,HBM3e,50.7,50.7,8,0.1937,0.104704,0.104300655,1.003867,0.000307
PF2-olmoe-long,prefill,static,H100,OLMoE-1B-7B,1,fp16,5,HBM3,50.7,50.7,16,0.2468,0.196016,0.197416984,0.992903,0.000324
PF2-olmoe-pcie4,prefill,static,H100,OLMoE-1B-7B,1,fp16,5,HBM3,24.9,24.9,8,0.1937,0.212512,0.211451513,1.005015,0.000151
PF2-phi-cxl3,prefill,static,H100,Phi-3.5-MoE,1,fp16,5,HBM3,114.5,114.5,8,0.9922,0.006428,0.00640387949,1.003767,0.004997
PF2-phi-pcie4,prefill,static,H100,Phi-3.5-MoE,1,fp16,5,HBM3,24.9,24.9,8,0.3906,0.503976,0.501487005,1.004963,0.000064
X-deepseek-128,decode,static,H100,DeepSeek-V2-Lite,1,fp16,5,HBM3,50.7,50.7,128,0.2995,0.187596,0.188888584,0.993157,0.002711
X-mixtral-96,decode,static,H100,Mixtral-8x7B,1,fp16,5,HBM3,50.7,50.7,96,0.276,0.987524,0.99518527,0.992302,0.000386
X-olmoe-256,decode,static,H100,OLMoE-1B-7B,1,fp16,5,HBM3,50.7,50.7,256,0.2119,0.409368,0.412114031,0.993337,0.002485
X3-olmoe-256,decode,static,H100,OLMoE-1B-7B,1,fp16,5,HBM3,114.5,114.5,256,0.2119,0.189032,0.188915196,1.000618,0.005420
